{
  "_fv": 69,
  "_type": "fluid",
  "definition": {
    "name": "Chicken Fluid",
    "bucketName": "Bucket of Chicken Fluid",
    "textureStill": "chicken2",
    "textureFlowing": "chicken2",
    "tintType": "No tint",
    "canMultiply": true,
    "flowRate": 10,
    "levelDecrease": 1,
    "slopeFindDistance": 4,
    "spawnParticles": true,
    "dripParticle": {
      "value": "EGG_CRACK"
    },
    "flowStrength": 1.0,
    "luminosity": 0,
    "density": 1000,
    "viscosity": 1000,
    "temperature": 300,
    "type": "WATER",
    "generateBucket": true,
    "textureBucket": "chicken_bucket",
    "creativeTabs": [
      {
        "value": "CUSTOM:Chicken"
      }
    ],
    "emptySound": {
      "value": "entity.chicken.ambient"
    },
    "rarity": "COMMON",
    "specialInformation": {
      "fixedValue": []
    },
    "resistance": 100.0,
    "luminance": 0,
    "lightOpacity": 1,
    "emissiveRendering": false,
    "tickRate": 0,
    "flammability": 0,
    "fireSpreadSpeed": 0,
    "colorOnMap": "DEFAULT"
  }
}