{
  "_fv": 69,
  "_type": "tool",
  "definition": {
    "toolType": "MultiTool",
    "renderType": 0,
    "blockingRenderType": 0,
    "texture": "chicken2",
    "customModelName": "Normal",
    "blockingModelName": "Normal blocking",
    "name": "Chicken Tool",
    "specialInformation": {
      "fixedValue": []
    },
    "creativeTabs": [
      {
        "value": "TOOLS"
      },
      {
        "value": "CUSTOM:Chicken"
      }
    ],
    "efficiency": 5.0,
    "attackSpeed": 1.0,
    "enchantability": 2,
    "damageVsEntity": 10.0,
    "usageCount": 5000,
    "glowCondition": {
      "fixedValue": false
    },
    "repairItems": [],
    "immuneToFire": true,
    "blockDropsTier": "NETHERITE",
    "blocksAffected": [],
    "stayInGridWhenCrafting": false,
    "damageOnCrafting": false
  }
}